{"main":"sales-azure-2002.raml","name":"sales-azure-2002","classifier":"raml","tags":[],"dependencies":[{"groupId":"b0beec90-c6cc-4c36-8f7c-ef1f8f91253b","assetId":"istika-error-responses","version":"1.0.0"},{"groupId":"b0beec90-c6cc-4c36-8f7c-ef1f8f91253b","assetId":"salesforce-datatype-library","version":"1.0.1"},{"groupId":"b0beec90-c6cc-4c36-8f7c-ef1f8f91253b","assetId":"istika-common-header-library","version":"1.0.1"},{"groupId":"68ef9520-24e9-4cf2-b2f5-620025690913","assetId":"anypoint-best-practices","version":"1.0.3","scope":"validation"}],"groupId":"b0beec90-c6cc-4c36-8f7c-ef1f8f91253b","assetId":"sales-azure-2002","version":"1.0.5","apiVersion":"v1","originalFormatVersion":"1.0","descriptorVersion":"1.0.0","metadata":{"projectId":"6cd32dfb-43d6-4d15-973a-47449d145bf2","branchId":"master","commitId":"778fcbb6af507103f3746ec51aaa439f2f97728d"},"organizationId":"b0beec90-c6cc-4c36-8f7c-ef1f8f91253b"}